generic_name,brand_names,common_uses,safety_warning,source_name,source_url,last_checked,review_status,notes
paracetamol,Panadol;Calpol;Tylenol,mild to moderate pain and fever,Do not exceed the recommended dose and check other medicines for paracetamol.Ask a pharmacist or a doctor if you have a liver or kidney condition,NHS Medicines A to Z,https://www.nhs.uk/medicines/paracetamol-for-adults/,12/06/2026,nhs_url_matched_needs_text_review,Analgesic and antipyretic
ibuprofen,Nurofen;Advil;Motrin,"pain inflammation and fever such as headaches, muscle aches, period pain, and minor aches and pains",Not suitable for everyone. Ask a pharmacist or doctor if you have asthma stomach kidney  heart problems or take high blood pressure medication,NHS Medicines A to Z,https://www.nhs.uk/medicines/ibuprofen-for-adults/,12/06/2026,nhs_url_matched_needs_text_review,NSAID
aspirin,Disprin;Anadin;Bayer Aspirin,pain fever inflammation and sometimes reducing blood clot risk,Not suitable for everyone. Ask a pharmacist if you have stomach bleeding asthma or take blood thinners. See the patient information leaflet for additional safety information.,NHS Medicines A to Z,https://www.nhs.uk/medicines/aspirin-for-pain-relief/,12/06/2026,nhs_url_matched_needs_text_review,NSAID
naproxen,Naprosyn;Aleve;Feminax Ultra,pain inflammation and some joint or period pain,Not suitable for everyone. Ask a pharmacist or doctor if you have stomach kidney heart blood pressure asthma or bleeding problems. See the patient information leaflet for additional safety information.,NHS Medicines A to Z,https://www.nhs.uk/medicines/naproxen/,12/06/2026,nhs_url_matched_needs_text_review,NSAID
diclofenac,Voltarol;Voltaren,pain and inflammation in muscles joints or arthritis,Ask a pharmacist or doctor if unsure. Some forms are not suitable for people with stomach heart kidney blood pressure or asthma problems. See the patient information leaflet for additional safety information.,NHS Medicines A to Z,https://www.nhs.uk/medicines/diclofenac/,12/06/2026,nhs_url_matched_needs_text_review,NSAID
celecoxib,Celebrex,pain and inflammation in arthritis,Take only if prescribed and ask a pharmacist or doctor if you have heart stomach kidney or blood pressure problems,BNF Drugs A to Z,https://bnf.nice.org.uk/drugs/celecoxib/,12/06/2026,bnf_url_matched_needs_text_review,NSAID
codeine,Codeine phosphate,pain diarrhoea or cough depending on product and prescription,Can cause drowsiness constipation and dependence. Take only if prescribed or supplied by a pharmacist.,NHS Medicines A to Z,https://www.nhs.uk/medicines/codeine/,12/06/2026,nhs_url_matched_needs_text_review,Opioid
co-codamol,Co-codamol;Solpadeine Max,pain when it contains paracetamol and codeine,Can cause drowsiness and dependence. Check other medicines for paracetamol and ask a pharmacist or doctor if unsure. See the patient information leaflet for additional safety information.,NHS Medicines A to Z,https://www.nhs.uk/medicines/co-codamol-for-adults/,12/06/2026,nhs_url_matched_needs_text_review,Combination analgesic
tramadol,Ultram;Zydol,moderate to severe pain,Take only if prescribed. Can cause drowsiness dependence and interactions with other medicines. See the patient information leaflet for additional safety information.,NHS Medicines A to Z,https://www.nhs.uk/medicines/tramadol/,12/06/2026,nhs_url_matched_needs_text_review,Opioid
morphine,Oramorph;MST Continus,severe pain,Take only if prescribed. Can cause drowsiness breathing problems constipation and dependence.,NHS Medicines A to Z,https://www.nhs.uk/medicines/morphine/,12/06/2026,nhs_url_matched_needs_text_review,Opioid
oxycodone,OxyContin;Oxynorm,severe pain,Take only if prescribed. Can cause drowsiness breathing problems constipation and dependence.,NHS Medicines A to Z,https://www.nhs.uk/medicines/oxycodone/,12/06/2026,nhs_url_matched_needs_text_review,Opioid
gabapentin,Neurontin,nerve pain epilepsy and some other prescribed uses,Take only if prescribed. Can cause drowsiness and should be used carefully with other sedating medicines. See the patient information leaflet for additional safety information.,NHS Medicines A to Z,https://www.nhs.uk/medicines/gabapentin/,12/06/2026,nhs_url_matched_needs_text_review,Antiepileptic and neuropathic pain medicine
pregabalin,Lyrica,nerve pain epilepsy and anxiety in some countries,Take only if prescribed. Can cause drowsiness dependence and interactions with alcohol or sedating medicines. See the patient information leaflet for additional safety information.,NHS Medicines A to Z,https://www.nhs.uk/medicines/pregabalin/,12/06/2026,nhs_url_matched_needs_text_review,Antiepileptic and neuropathic pain medicine
amitriptyline,Elavil,pain migraine prevention and depression depending on dose and prescription,Take only if prescribed. Ask a pharmacist or doctor if unsure because it can cause drowsiness and interact with other medicines,BNF Drugs A to Z,https://bnf.nice.org.uk/drugs/amitriptyline-hydrochloride/,12/06/2026,bnf_url_matched_needs_text_review,Tricyclic antidepressant
sumatriptan,Imigran;Imitrex,migraine attacks,Use only if prescribed or supplied for you. Ask a pharmacist or doctor if you have heart blood pressure or circulation problems. See the patient information leaflet for additional safety information.,NHS Medicines A to Z,https://www.nhs.uk/medicines/sumatriptan/,12/06/2026,nhs_url_matched_needs_text_review,Triptan
rizatriptan,Maxalt,migraine attacks,Use only if prescribed or supplied for you. Ask a pharmacist or doctor if you have heart blood pressure or circulation problems,BNF Drugs A to Z,https://bnf.nice.org.uk/drugs/rizatriptan/,12/06/2026,bnf_url_matched_needs_text_review,Triptan
atorvastatin,Lipitor,lowering cholesterol and reducing the risk of heart and blood vessel problems,Take only if prescribed and ask a pharmacist if unsure. See the patient information leaflet for additional safety information.,NHS Medicines A to Z,https://www.nhs.uk/medicines/atorvastatin/,12/06/2026,nhs_url_matched_needs_text_review,Statin
simvastatin,Zocor,lowering cholesterol and reducing the risk of heart and blood vessel problems,Take only if prescribed and ask a pharmacist if unsure. See the patient information leaflet for additional safety information.,NHS Medicines A to Z,https://www.nhs.uk/medicines/simvastatin/,12/06/2026,nhs_url_matched_needs_text_review,Statin
rosuvastatin,Crestor,lowering cholesterol and reducing the risk of heart and blood vessel problems,Take only if prescribed and ask a pharmacist if unsure. See the patient information leaflet for additional safety information.,NHS Medicines A to Z,https://www.nhs.uk/medicines/rosuvastatin/,12/06/2026,nhs_url_matched_needs_text_review,Statin
pravastatin,Pravachol,lowering cholesterol and reducing the risk of heart and blood vessel problems,Take only if prescribed and ask a pharmacist if unsure. See the patient information leaflet for additional safety information.,NHS Medicines A to Z,https://www.nhs.uk/medicines/pravastatin/,12/06/2026,nhs_url_matched_needs_text_review,Statin
ezetimibe,Ezetrol;Zetia,lowering cholesterol,Take only if prescribed and ask a pharmacist or doctor if unsure. See the patient information leaflet for additional safety information.,NHS Medicines A to Z,https://www.nhs.uk/medicines/ezetimibe/,12/06/2026,nhs_url_matched_needs_text_review,Cholesterol absorption inhibitor
amlodipine,Norvasc,high blood pressure and angina,Take only if prescribed.,NHS Medicines A to Z,https://www.nhs.uk/medicines/amlodipine/,12/06/2026,nhs_url_matched_needs_text_review,Calcium channel blocker
felodipine,Plendil,high blood pressure and angina,Take only if prescribed and ask a pharmacist or doctor if unsure. See the patient information leaflet for additional safety information.,NHS Medicines A to Z,https://www.nhs.uk/medicines/felodipine/,12/06/2026,nhs_url_matched_needs_text_review,Calcium channel blocker
nifedipine,Adalat;Procardia,high blood pressure and angina,Take only if prescribed and ask a pharmacist or doctor if unsure. See the patient information leaflet for additional safety information.,NHS Medicines A to Z,https://www.nhs.uk/medicines/nifedipine/,12/06/2026,nhs_url_matched_needs_text_review,Calcium channel blocker
diltiazem,Tildiem;Cardizem,high blood pressure angina and some heart rhythm problems,Take only if prescribed and ask a pharmacist or doctor if unsure. See the patient information leaflet for additional safety information.,NHS Medicines A to Z,https://www.nhs.uk/medicines/diltiazem/,12/06/2026,nhs_url_matched_needs_text_review,Calcium channel blocker
verapamil,Securon;Calan,high blood pressure angina and some heart rhythm problems,Take only if prescribed and ask a pharmacist or doctor if unsure especially with heart rhythm medicines,NHS Medicines A to Z,https://www.nhs.uk/medicines/verapamil/,12/06/2026,nhs_url_matched_needs_text_review,Calcium channel blocker
ramipril,Tritace;Altace,high blood pressure and heart failure. It can also help protect the heart and kidneys in some people,Take only if prescribed. Ask a pharmacist or doctor if you are unsure what this medicine is or whether it is safe for you. See the patient information leaflet for additional safety information.,NHS Medicines A to Z,https://www.nhs.uk/medicines/ramipril/,12/06/2026,nhs_url_matched_needs_text_review,ACE inhibitor
lisinopril,Zestril;Prinivil,high blood pressure heart failure and kidney protection in some people,Take only if prescribed. Ask a pharmacist or doctor if pregnant or unsure,NHS Medicines A to Z,https://www.nhs.uk/medicines/lisinopril/,12/06/2026,nhs_url_matched_needs_text_review,ACE inhibitor
perindopril,Coversyl,high blood pressure and heart failure,Take only if prescribed. Ask a pharmacist or doctor if pregnant or unsure,NHS Medicines A to Z,https://www.nhs.uk/medicines/perindopril/,12/06/2026,nhs_url_matched_needs_text_review,ACE inhibitor
enalapril,Innovace;Vasotec,high blood pressure and heart failure,Take only if prescribed. Ask a pharmacist or doctor if pregnant or unsure,NHS Medicines A to Z,https://www.nhs.uk/medicines/enalapril/,12/06/2026,nhs_url_matched_needs_text_review,ACE inhibitor
losartan,Cozaar,high blood pressure heart failure and kidney protection in some people,Take only if prescribed. Ask a pharmacist or doctor if pregnant or unsure,NHS Medicines A to Z,https://www.nhs.uk/medicines/losartan/,12/06/2026,nhs_url_matched_needs_text_review,ARB
candesartan,Amias;Atacand,high blood pressure heart failure and migraine prevention in some cases,Take only if prescribed. Ask a pharmacist or doctor if pregnant or unsure,NHS Medicines A to Z,https://www.nhs.uk/medicines/candesartan/,12/06/2026,nhs_url_matched_needs_text_review,ARB
valsartan,Diovan,high blood pressure heart failure and heart protection after some heart attacks,Take only if prescribed. Ask a pharmacist or doctor if pregnant or unsure,NHS Medicines A to Z,https://www.nhs.uk/medicines/valsartan/,12/06/2026,nhs_url_matched_needs_text_review,ARB
irbesartan,Aprovel;Avapro,high blood pressure and kidney protection in some people with diabetes,Take only if prescribed. Ask a pharmacist or doctor if pregnant or unsure,NHS Medicines A to Z,https://www.nhs.uk/medicines/irbesartan/,12/06/2026,nhs_url_matched_needs_text_review,ARB
olmesartan,Olmetec;Benicar,high blood pressure,Take only if prescribed. Ask a pharmacist or doctor if pregnant or unsure,BNF Drugs A to Z,https://bnf.nice.org.uk/drugs/olmesartan-medoxomil/,12/06/2026,bnf_url_matched_needs_text_review,ARB
bendroflumethiazide,Bendroflumethiazide,high blood pressure and fluid retention,Take only if prescribed. Ask a pharmacist or doctor if unsure because it can affect salts and kidneys. See the patient information leaflet for additional safety information.,NHS Medicines A to Z,https://www.nhs.uk/medicines/bendroflumethiazide/,12/06/2026,nhs_url_matched_needs_text_review,Thiazide diuretic
indapamide,Natrilix,high blood pressure and fluid retention,Take only if prescribed. Ask a pharmacist or doctor if unsure because it can affect salts and kidneys. See the patient information leaflet for additional safety information.,NHS Medicines A to Z,https://www.nhs.uk/medicines/indapamide/,12/06/2026,nhs_url_matched_needs_text_review,Thiazide-like diuretic
furosemide,Lasix,fluid build-up and high blood pressure,Take only if prescribed. Ask a pharmacist or doctor if unsure because it can affect fluids salts and kidneys. See the patient information leaflet for additional safety information.,NHS Medicines A to Z,https://www.nhs.uk/medicines/furosemide/,12/06/2026,nhs_url_matched_needs_text_review,Loop diuretic
spironolactone,Aldactone,heart failure fluid build-up high blood pressure and some hormone-related conditions,Take only if prescribed. Ask a pharmacist or doctor if unsure because it can affect potassium and kidneys,NHS Medicines A to Z,https://www.nhs.uk/medicines/spironolactone/,12/06/2026,nhs_url_matched_needs_text_review,Potassium-sparing diuretic
bisoprolol,Cardicor;Congescor,high blood pressure angina heart failure and some heart rhythm problems,Take only if prescribed. Ask a pharmacist or doctor if unsure especially with asthma low pulse or heart conditions,NHS Medicines A to Z,https://www.nhs.uk/medicines/bisoprolol/,12/06/2026,nhs_url_matched_needs_text_review,Beta blocker
atenolol,Tenormin,high blood pressure angina and some heart rhythm problems,Take only if prescribed. Ask a pharmacist or doctor if unsure especially with asthma low pulse or heart conditions. See the patient information leaflet for additional safety information.,NHS Medicines A to Z,https://www.nhs.uk/medicines/atenolol/,12/06/2026,nhs_url_matched_needs_text_review,Beta blocker
metoprolol,Lopresor;Toprol XL,high blood pressure angina heart failure and some heart rhythm problems,Take only if prescribed. Ask a pharmacist or doctor if unsure especially with asthma low pulse or heart conditions. See the patient information leaflet for additional safety information.,NHS Medicines A to Z,https://www.nhs.uk/medicines/metoprolol/,12/06/2026,nhs_url_matched_needs_text_review,Beta blocker
propranolol,Inderal,heart conditions anxiety symptoms migraine prevention and tremor,Take only if prescribed. Ask a pharmacist or doctor if unsure especially with asthma diabetes or heart conditions. See the patient information leaflet for additional safety information.,NHS Medicines A to Z,https://www.nhs.uk/medicines/propranolol/,12/06/2026,nhs_url_matched_needs_text_review,Beta blocker
carvedilol,Eucardic;Coreg,heart failure high blood pressure and angina,Take only if prescribed. Ask a pharmacist or doctor if unsure especially with asthma low pulse or heart conditions. See the patient information leaflet for additional safety information.,NHS Medicines A to Z,https://www.nhs.uk/medicines/carvedilol/,12/06/2026,nhs_url_matched_needs_text_review,Beta blocker
isosorbide mononitrate,Monomil;Imdur,preventing angina chest pain,Take only if prescribed. Ask a pharmacist or doctor if using medicines for erectile dysfunction or blood pressure,BNF Drugs A to Z,https://bnf.nice.org.uk/drugs/isosorbide-mononitrate/,12/06/2026,bnf_url_matched_needs_text_review,Nitrate
glyceryl trinitrate,GTN;Nitrolingual,relieving or preventing angina chest pain,Use only if prescribed or supplied for you. Seek urgent help for chest pain that does not improve.,BNF Drugs A to Z,https://bnf.nice.org.uk/drugs/glyceryl-trinitrate/,12/06/2026,bnf_url_matched_needs_text_review,Nitrate
warfarin,Marevan,preventing and treating blood clots,Take only if prescribed. This medicine needs monitoring and can interact with many medicines and foods.,NHS Medicines A to Z,https://www.nhs.uk/medicines/warfarin/,12/06/2026,nhs_url_matched_needs_text_review,Anticoagulant
apixaban,Eliquis,preventing and treating blood clots,Take only if prescribed. Ask a pharmacist or doctor before taking other medicines because bleeding risk can increase,NHS Medicines A to Z,https://www.nhs.uk/medicines/apixaban/,12/06/2026,nhs_url_matched_needs_text_review,Anticoagulant
rivaroxaban,Xarelto,preventing and treating blood clots,Take only if prescribed. Ask a pharmacist or doctor before taking other medicines because bleeding risk can increase,NHS Medicines A to Z,https://www.nhs.uk/medicines/rivaroxaban/,12/06/2026,nhs_url_matched_needs_text_review,Anticoagulant
edoxaban,Lixiana;Savaysa,preventing and treating blood clots,Take only if prescribed. Ask a pharmacist or doctor before taking other medicines because bleeding risk can increase,NHS Medicines A to Z,https://www.nhs.uk/medicines/edoxaban/,12/06/2026,nhs_url_matched_needs_text_review,Anticoagulant
dabigatran,Pradaxa,preventing and treating blood clots,Take only if prescribed. Ask a pharmacist or doctor before taking other medicines because bleeding risk can increase,BNF Drugs A to Z,https://bnf.nice.org.uk/drugs/dabigatran-etexilate/,12/06/2026,bnf_url_matched_needs_text_review,Anticoagulant
clopidogrel,Plavix,reducing the risk of blood clots after some heart or blood vessel problems,Take only if prescribed. Ask a pharmacist or doctor before taking other medicines because bleeding risk can increase,NHS Medicines A to Z,https://www.nhs.uk/medicines/clopidogrel/,12/06/2026,nhs_url_matched_needs_text_review,Antiplatelet
ticagrelor,Brilique;Brilinta,reducing the risk of blood clots after some heart problems,Take only if prescribed. Ask a pharmacist or doctor before taking other medicines because bleeding risk can increase,NHS Medicines A to Z,https://www.nhs.uk/medicines/ticagrelor/,12/06/2026,nhs_url_matched_needs_text_review,Antiplatelet
metformin,Glucophage,type 2 diabetes and helping control blood sugar,Take only if prescribed and follow medical advice. See the patient information leaflet for additional safety information.,NHS Medicines A to Z,https://www.nhs.uk/medicines/metformin/,12/06/2026,nhs_url_matched_needs_text_review,Biguanide antidiabetic
gliclazide,Diamicron,type 2 diabetes by helping lower blood sugar,Take only if prescribed. Low blood sugar can happen and medical advice should be followed.,NHS Medicines A to Z,https://www.nhs.uk/medicines/gliclazide/,12/06/2026,nhs_url_matched_needs_text_review,Sulfonylurea
glimepiride,Amaryl,type 2 diabetes by helping lower blood sugar,Take only if prescribed. Low blood sugar can happen and medical advice should be followed.,BNF Drugs A to Z,https://bnf.nice.org.uk/drugs/glimepiride/,12/06/2026,bnf_url_matched_needs_text_review,Sulfonylurea
sitagliptin,Januvia,type 2 diabetes by helping control blood sugar,Take only if prescribed and follow medical advice. See the patient information leaflet for additional safety information.,NHS Medicines A to Z,https://www.nhs.uk/medicines/sitagliptin/,12/06/2026,nhs_url_matched_needs_text_review,DPP-4 inhibitor
linagliptin,Trajenta;Tradjenta,type 2 diabetes by helping control blood sugar,Take only if prescribed and follow medical advice. See the patient information leaflet for additional safety information.,NHS Medicines A to Z,https://www.nhs.uk/medicines/linagliptin/,12/06/2026,nhs_url_matched_needs_text_review,DPP-4 inhibitor
empagliflozin,Jardiance,type 2 diabetes heart failure and kidney protection in some people,Take only if prescribed. Ask a pharmacist or doctor if unwell dehydrated or unsure. See the patient information leaflet for additional safety information.,NHS Medicines A to Z,https://www.nhs.uk/medicines/empagliflozin/,12/06/2026,nhs_url_matched_needs_text_review,SGLT2 inhibitor
dapagliflozin,Forxiga;Farxiga,type 2 diabetes heart failure and kidney protection in some people,Take only if prescribed. Ask a pharmacist or doctor if unwell dehydrated or unsure. See the patient information leaflet for additional safety information.,NHS Medicines A to Z,https://www.nhs.uk/medicines/dapagliflozin/,12/06/2026,nhs_url_matched_needs_text_review,SGLT2 inhibitor
canagliflozin,Invokana,type 2 diabetes by helping lower blood sugar,Take only if prescribed. Ask a pharmacist or doctor if unwell dehydrated or unsure. See the patient information leaflet for additional safety information.,BNF Drugs A to Z,https://bnf.nice.org.uk/drugs/canagliflozin/,12/06/2026,bnf_url_matched_needs_text_review,SGLT2 inhibitor
insulin glargine,Lantus;Toujeo;Abasaglar,diabetes by replacing or supplementing insulin,Use only if prescribed. Insulin can cause low blood sugar and dosing must be confirmed by a clinician.,BNF Drugs A to Z,https://bnf.nice.org.uk/drugs/insulin-glargine/,12/06/2026,bnf_url_matched_needs_text_review,Long-acting insulin
insulin aspart,NovoRapid;Trurapi;Fiasp,diabetes by replacing or supplementing insulin around meals,Use only if prescribed. Insulin can cause low blood sugar and dosing must be confirmed by a clinician.,BNF Drugs A to Z,https://bnf.nice.org.uk/drugs/insulin-aspart/,12/06/2026,bnf_url_matched_needs_text_review,Rapid-acting insulin
semaglutide,Ozempic;Wegovy;Rybelsus,type 2 diabetes and weight management in some prescribed products,Use only if prescribed. Ask a pharmacist or doctor if unsure because products and indications differ. See the patient information leaflet for additional safety information.,NHS Medicines A to Z,https://www.nhs.uk/medicines/semaglutide/,12/06/2026,nhs_url_matched_needs_text_review,GLP-1 receptor agonist
dulaglutide,Trulicity,type 2 diabetes by helping control blood sugar,Use only if prescribed and ask a pharmacist or doctor if unsure. See the patient information leaflet for additional safety information.,BNF Drugs A to Z,https://bnf.nice.org.uk/drugs/dulaglutide/,12/06/2026,bnf_url_matched_needs_text_review,GLP-1 receptor agonist
liraglutide,Victoza;Saxenda,type 2 diabetes and weight management in some prescribed products,Use only if prescribed. Ask a pharmacist or doctor if unsure because products and indications differ. See the patient information leaflet for additional safety information.,NHS Medicines A to Z,https://www.nhs.uk/medicines/liraglutide/,12/06/2026,nhs_url_matched_needs_text_review,GLP-1 receptor agonist
levothyroxine,Eltroxin;Levoxyl;Synthroid,underactive thyroid by replacing thyroid hormone,Take only if prescribed and ask a pharmacist or doctor if unsure. See the patient information leaflet for additional safety information.,NHS Medicines A to Z,https://www.nhs.uk/medicines/levothyroxine/,12/06/2026,nhs_url_matched_needs_text_review,Thyroid hormone
carbimazole,Neo-Mercazole,overactive thyroid,Take only if prescribed. Seek medical advice urgently for fever sore throat mouth ulcers or unusual bruising. See the patient information leaflet for additional safety information.,NHS Medicines A to Z,https://www.nhs.uk/medicines/carbimazole/,12/06/2026,nhs_url_matched_needs_text_review,Antithyroid medicine
propylthiouracil,PTU,overactive thyroid,Take only if prescribed. Seek medical advice urgently for fever sore throat jaundice or unusual bruising.,BNF Drugs A to Z,https://bnf.nice.org.uk/drugs/propylthiouracil/,12/06/2026,bnf_url_matched_needs_text_review,Antithyroid medicine
prednisolone,Deltacortril,inflammation allergies asthma flare-ups and some immune conditions,Take only if prescribed. Steroids are not suitable for everyone and should not be stopped suddenly unless a clinician says so. See the patient information leaflet for additional safety information.,NHS Medicines A to Z,https://www.nhs.uk/medicines/prednisolone/,12/06/2026,nhs_url_matched_needs_text_review,Corticosteroid
hydrocortisone,Efcortelan;Solu-Cortef,inflammation adrenal replacement and skin inflammation depending on form,Use only as directed. Steroid forms and strengths differ so ask a pharmacist or doctor if unsure. See the patient information leaflet for additional safety information.,NHS Medicines A to Z,https://www.nhs.uk/medicines/hydrocortisone/,12/06/2026,nhs_url_matched_needs_text_review,Corticosteroid
dexamethasone,Decadron;Etacortilen,inflammation immune conditions and some cancer or anti-sickness uses,Take only if prescribed. Steroids are not suitable for everyone and can interact with other medicines. See the patient information leaflet for additional safety information.,BNF Drugs A to Z,https://bnf.nice.org.uk/drugs/dexamethasone/,12/06/2026,bnf_url_matched_needs_text_review,Corticosteroid
beclometasone,Clenil;Qvar;Beconase,asthma COPD nasal allergy or skin inflammation depending on form,Use only as prescribed or directed. Inhaler nasal and skin products are different.,BNF Drugs A to Z,https://bnf.nice.org.uk/drugs/beclometasone-dipropionate/,12/06/2026,bnf_url_matched_needs_text_review,Corticosteroid
budesonide,Pulmicort;Entocort;Budenofalk,asthma COPD nasal allergy bowel inflammation or other inflammatory conditions depending on form,Use only as prescribed or directed. Different forms are used for different conditions.,BNF Drugs A to Z,https://bnf.nice.org.uk/drugs/budesonide/,12/06/2026,bnf_url_matched_needs_text_review,Corticosteroid
fluticasone,Flixotide;Flonase;Flovent,asthma COPD nasal allergy or skin inflammation depending on form,Use only as prescribed or directed. Different forms and strengths are used for different conditions.,BNF Drugs A to Z,https://bnf.nice.org.uk/drugs/fluticasone/,12/06/2026,bnf_url_matched_needs_text_review,Corticosteroid
salbutamol,Ventolin;ProAir;Airomir,relieving wheezing and breathing difficulty in conditions such as asthma,Use only as prescribed and seek urgent help for severe breathing difficulty.,NHS Medicines A to Z,https://www.nhs.uk/medicines/salbutamol-inhaler/,12/06/2026,nhs_url_matched_needs_text_review,Reliever inhaler
terbutaline,Bricanyl;Terbutaline,relieving wheezing and breathing difficulty in conditions such as asthma,Use only as prescribed and seek urgent help for severe breathing difficulty.,BNF Drugs A to Z,https://bnf.nice.org.uk/drugs/terbutaline-sulfate/,12/06/2026,bnf_url_matched_needs_text_review,Reliever inhaler
salmeterol,Serevent;Soltel,preventing asthma or COPD symptoms as a long-acting inhaler,Use only as prescribed. It is not for sudden severe breathing difficulty.,BNF Drugs A to Z,https://bnf.nice.org.uk/drugs/salmeterol/,12/06/2026,bnf_url_matched_needs_text_review,LABA inhaler
formoterol,Oxis;Foradil;Atimos,preventing asthma or COPD symptoms as a long-acting inhaler,Use only as prescribed. It is not for sudden severe breathing difficulty unless part of a prescribed reliever plan.,BNF Drugs A to Z,https://bnf.nice.org.uk/drugs/formoterol-fumarate/,12/06/2026,bnf_url_matched_needs_text_review,LABA inhaler
tiotropium,Spiriva;Tiogiva;Trokide,COPD and sometimes asthma control,Use only as prescribed. It is not for sudden severe breathing difficulty.,BNF Drugs A to Z,https://bnf.nice.org.uk/drugs/tiotropium/,12/06/2026,bnf_url_matched_needs_text_review,LAMA inhaler
ipratropium,Atrovent,wheezing and breathing difficulty in COPD or asthma,Use only as prescribed. Seek urgent help for severe breathing difficulty.,BNF Drugs A to Z,https://bnf.nice.org.uk/drugs/ipratropium-bromide/,12/06/2026,bnf_url_matched_needs_text_review,SAMA inhaler
montelukast,Singulair,asthma prevention and allergy symptoms in some people,Take only if prescribed. Seek medical advice for mood sleep or behaviour changes. See the patient information leaflet for additional safety information.,NHS Medicines A to Z,https://www.nhs.uk/medicines/montelukast/,12/06/2026,nhs_url_matched_needs_text_review,Leukotriene receptor antagonist
theophylline,Uniphyllin;Theo-24,asthma or COPD control in some people,Take only if prescribed. Blood levels and interactions may need monitoring.,BNF Drugs A to Z,https://bnf.nice.org.uk/drugs/theophylline/,12/06/2026,bnf_url_matched_needs_text_review,Methylxanthine
cetirizine,Zirtek;Zyrtec,allergy symptoms such as sneezing itching and runny nose,Ask a pharmacist if unsure especially for children pregnancy or other medical conditions,NHS Medicines A to Z,https://www.nhs.uk/medicines/cetirizine/,12/06/2026,nhs_url_matched_needs_text_review,Non-drowsy antihistamine
loratadine,Clarityn;Claritin,allergy symptoms such as sneezing itchy eyes and runny nose,Ask a pharmacist if unsure especially for children pregnancy liver problems or other medicines,NHS Medicines A to Z,https://www.nhs.uk/medicines/loratadine/,12/06/2026,nhs_url_matched_needs_text_review,Non-drowsy antihistamine
fexofenadine,Allevia;Telfast;Allegra,allergy symptoms such as sneezing itchy eyes runny nose and hives,Ask a pharmacist or doctor if you are unsure especially for children pregnancy kidney problems or if symptoms continue,NHS Medicines A to Z,https://www.nhs.uk/medicines/fexofenadine/,12/06/2026,nhs_url_matched_needs_text_review,Non-drowsy antihistamine
chlorphenamine,Piriton;Allerief;Hayleve,allergy symptoms such as hay fever hives and itching,May cause drowsiness. Ask a pharmacist if unsure especially for children pregnancy or other medicines,BNF Drugs A to Z,https://bnf.nice.org.uk/drugs/chlorphenamine-maleate/,12/06/2026,bnf_url_matched_needs_text_review,Sedating antihistamine
diphenhydramine,Benadryl;Nytol,allergy symptoms or short-term sleep problems depending on product,May cause drowsiness. Ask a pharmacist if unsure and do not mix with alcohol or other sedating medicines,NHS Medicines A to Z,https://www.nhs.uk/medicines/diphenhydramine/,12/06/2026,nhs_url_matched_needs_text_review,Sedating antihistamine
promethazine,Phenergan,allergies nausea travel sickness or short-term sleep problems depending on product,May cause drowsiness. Ask a pharmacist if unsure and avoid alcohol or sedating medicines,NHS Medicines A to Z,https://www.nhs.uk/medicines/promethazine/,12/06/2026,nhs_url_matched_needs_text_review,Sedating antihistamine
omeprazole,Losec;Prilosec,reducing stomach acid and helping with heartburn reflux and ulcers,Ask a pharmacist or doctor if symptoms continue or if you take other medicines,NHS Medicines A to Z,https://www.nhs.uk/medicines/omeprazole/,12/06/2026,nhs_url_matched_needs_text_review,Proton pump inhibitor
lansoprazole,Zoton;Prevacid,reducing stomach acid and helping with heartburn reflux and ulcers,Ask a pharmacist or doctor if symptoms continue or if you take other medicines. See the patient information leaflet for additional safety information.,NHS Medicines A to Z,https://www.nhs.uk/medicines/lansoprazole/,12/06/2026,nhs_url_matched_needs_text_review,Proton pump inhibitor
esomeprazole,Nexium,reducing stomach acid and helping with heartburn reflux and ulcers,Ask a pharmacist or doctor if symptoms continue or if you take other medicines. See the patient information leaflet for additional safety information.,NHS Medicines A to Z,https://www.nhs.uk/medicines/esomeprazole/,12/06/2026,nhs_url_matched_needs_text_review,Proton pump inhibitor
pantoprazole,Protonix,lowering stomach acid and helping with reflux heartburn and ulcers,Ask a pharmacist or doctor if symptoms continue or if you take other medicines. See the patient information leaflet for additional safety information.,NHS Medicines A to Z,https://www.nhs.uk/medicines/pantoprazole/,12/06/2026,nhs_url_matched_needs_text_review,Proton pump inhibitor
famotidine,Pepcid,lowering stomach acid and helping with reflux heartburn and ulcers,Ask a pharmacist or doctor if symptoms continue or if you take other medicines,BNF Drugs A to Z,https://bnf.nice.org.uk/drugs/famotidine/,12/06/2026,bnf_url_matched_needs_text_review,H2 blocker
ranitidine,Zantac,lowering stomach acid,This medicine has been withdrawn or restricted in many places. Ask a pharmacist or doctor before using. See the patient information leaflet for additional safety information.,NHS Medicines A to Z,https://www.nhs.uk/medicines/ranitidine/,12/06/2026,nhs_url_matched_needs_text_review,H2 blocker historical brand
gaviscon,Gaviscon,heartburn indigestion and acid reflux,Ask a pharmacist if symptoms continue or if you take other medicines. See the patient information leaflet for additional safety information.,NHS Medicines A to Z,https://www.nhs.uk/medicines/gaviscon/,12/06/2026,nhs_url_matched_needs_text_review,Alginate antacid
calcium carbonate,Tums;Rennie;Setlers;Calcichew,heartburn indigestion and calcium supplementation depending on product,Ask a pharmacist if symptoms continue or if you take other medicines. See the patient information leaflet for additional safety information.,BNF Drugs A to Z,https://bnf.nice.org.uk/drugs/calcium-carbonate/,12/06/2026,bnf_url_matched_needs_text_review,Antacid
senna,Senokot,constipation,Ask a pharmacist if constipation continues or if you have severe stomach pain vomiting or blood in stool. See the patient information leaflet for additional safety information.,NHS Medicines A to Z,https://www.nhs.uk/medicines/senna/,12/06/2026,nhs_url_matched_needs_text_review,Laxative
lactulose,Duphalac,constipation and sometimes liver disease-related confusion,Ask a pharmacist or doctor if symptoms continue or if you have diabetes or other health conditions,NHS Medicines A to Z,https://www.nhs.uk/medicines/lactulose/,12/06/2026,nhs_url_matched_needs_text_review,Laxative
macrogol,Movicol;Laxido;MiraLAX,constipation,Ask a pharmacist if constipation continues or if you have severe stomach pain vomiting or blood in stool,NHS Medicines A to Z,https://www.nhs.uk/medicines/macrogol/,12/06/2026,nhs_url_matched_needs_text_review,Osmotic laxative
bisacodyl,Dulcolax,constipation,Ask a pharmacist if constipation continues or if you have severe stomach pain vomiting or blood in stool. See the patient information leaflet for additional safety information.,NHS Medicines A to Z,https://www.nhs.uk/medicines/bisacodyl/,12/06/2026,nhs_url_matched_needs_text_review,Stimulant laxative
loperamide,Imodium,short-term diarrhoea,Ask a pharmacist if diarrhoea continues or if there is blood fever severe pain or dehydration,NHS Medicines A to Z,https://www.nhs.uk/medicines/loperamide/,12/06/2026,nhs_url_matched_needs_text_review,Anti-diarrhoeal
ondansetron,Zofran,nausea and vomiting,Take only if prescribed. Ask a pharmacist or doctor if you have heart rhythm problems or take interacting medicines,BNF Drugs A to Z,https://bnf.nice.org.uk/drugs/ondansetron/,12/06/2026,bnf_url_matched_needs_text_review,Antiemetic
metoclopramide,Maxolon,nausea vomiting and some stomach emptying problems,Take only if prescribed. It is not suitable for everyone and can cause movement side effects.,NHS Medicines A to Z,https://www.nhs.uk/medicines/metoclopramide/,12/06/2026,nhs_url_matched_needs_text_review,Antiemetic
domperidone,Motilium,nausea vomiting and stomach emptying problems,Take only if prescribed or supplied by a pharmacist. Ask about heart rhythm risks and interactions. See the patient information leaflet for additional safety information.,NHS Medicines A to Z,https://www.nhs.uk/medicines/domperidone/,12/06/2026,nhs_url_matched_needs_text_review,Antiemetic
hyoscine hydrobromide,Kwells;Joy-Rides,travel sickness and nausea,May cause drowsiness and blurred vision. Ask a pharmacist if unsure. See the patient information leaflet for additional safety information.,NHS Medicines A to Z,https://www.nhs.uk/medicines/hyoscine-hydrobromide/,12/06/2026,nhs_url_matched_needs_text_review,Antimuscarinic antiemetic
mebeverine,Colofac,irritable bowel syndrome cramps and bowel spasms,Ask a pharmacist or doctor if symptoms are new severe or continue. See the patient information leaflet for additional safety information.,NHS Medicines A to Z,https://www.nhs.uk/medicines/mebeverine/,12/06/2026,nhs_url_matched_needs_text_review,Antispasmodic
amoxicillin,Amoxil,bacterial infections,Take only if prescribed. Antibiotics do not treat viral infections and allergies can be serious.,NHS Medicines A to Z,https://www.nhs.uk/medicines/amoxicillin/,12/06/2026,nhs_url_matched_needs_text_review,Antibiotic
co-amoxiclav,Augmentin,bacterial infections,Take only if prescribed. Antibiotics do not treat viral infections and allergies can be serious.,NHS Medicines A to Z,https://www.nhs.uk/medicines/co-amoxiclav/,12/06/2026,nhs_url_matched_needs_text_review,Penicillin antibiotic combination
flucloxacillin,Floxapen,bacterial skin and soft tissue infections,Take only if prescribed. Antibiotics do not treat viral infections and allergies can be serious.,NHS Medicines A to Z,https://www.nhs.uk/medicines/flucloxacillin/,12/06/2026,nhs_url_matched_needs_text_review,Antibiotic
phenoxymethylpenicillin,Penicillin V,bacterial infections such as some throat infections,Take only if prescribed. Antibiotics do not treat viral infections and allergies can be serious.,NHS Medicines A to Z,https://www.nhs.uk/medicines/phenoxymethylpenicillin/,12/06/2026,nhs_url_matched_needs_text_review,Antibiotic
clarithromycin,Biaxin,bacterial infections,Take only if prescribed. Ask a pharmacist or doctor if you take other medicines because interactions are possible. See the patient information leaflet for additional safety information.,NHS Medicines A to Z,https://www.nhs.uk/medicines/clarithromycin/,12/06/2026,nhs_url_matched_needs_text_review,Antibiotic
azithromycin,Zithromax,bacterial infections,Take only if prescribed. Ask a pharmacist or doctor if you have heart rhythm problems or take other medicines. See the patient information leaflet for additional safety information.,NHS Medicines A to Z,https://www.nhs.uk/medicines/azithromycin/,12/06/2026,nhs_url_matched_needs_text_review,Antibiotic
doxycycline,Vibramycin,bacterial infections and some acne or malaria prevention uses,Take only if prescribed. Ask a pharmacist or doctor if pregnant breastfeeding or using other medicines,NHS Medicines A to Z,https://www.nhs.uk/medicines/doxycycline/,12/06/2026,nhs_url_matched_needs_text_review,Antibiotic
nitrofurantoin,Macrobid;Macrodantin,urinary tract infections,Take only if prescribed. Ask a pharmacist or doctor if pregnant or if you have kidney problems,NHS Medicines A to Z,https://www.nhs.uk/medicines/nitrofurantoin/,12/06/2026,nhs_url_matched_needs_text_review,Antibiotic
trimethoprim,Monotrim,urinary tract infections and some other bacterial infections,Take only if prescribed. Ask a pharmacist or doctor if pregnant or taking other medicines,NHS Medicines A to Z,https://www.nhs.uk/medicines/trimethoprim/,12/06/2026,nhs_url_matched_needs_text_review,Antibiotic
cefalexin,Keflex,bacterial infections,Take only if prescribed. Antibiotics do not treat viral infections and allergies can be serious.,NHS Medicines A to Z,https://www.nhs.uk/medicines/cefalexin/,12/06/2026,nhs_url_matched_needs_text_review,Antibiotic
ciprofloxacin,Cipro,bacterial infections,Take only if prescribed. Ask a pharmacist or doctor about tendon nerve mood heart rhythm and interaction risks. See the patient information leaflet for additional safety information.,NHS Medicines A to Z,https://www.nhs.uk/medicines/ciprofloxacin/,12/06/2026,nhs_url_matched_needs_text_review,Fluoroquinolone antibiotic
metronidazole,Flagyl,bacterial and parasitic infections,Take only if prescribed. Avoid alcohol if advised and ask a pharmacist about interactions. See the patient information leaflet for additional safety information.,NHS Medicines A to Z,https://www.nhs.uk/medicines/metronidazole/,12/06/2026,nhs_url_matched_needs_text_review,Nitroimidazole antibiotic
clindamycin,Dalacin;Cleocin,bacterial infections,Take only if prescribed. Seek medical advice for severe diarrhoea.,BNF Drugs A to Z,https://bnf.nice.org.uk/drugs/clindamycin/,12/06/2026,bnf_url_matched_needs_text_review,Antibiotic
mupirocin,Bactroban,bacterial skin infections,Use only as prescribed or directed. Ask a pharmacist or doctor if symptoms spread or worsen. See the patient information leaflet for additional safety information.,BNF Drugs A to Z,https://bnf.nice.org.uk/drugs/mupirocin/,12/06/2026,bnf_url_matched_needs_text_review,Topical antibiotic
acyclovir,Zovirax,herpes virus infections such as cold sores shingles and genital herpes,Use only as prescribed or directed. Ask a pharmacist or doctor if symptoms are severe or you are immunocompromised,BNF Drugs A to Z,https://bnf.nice.org.uk/drugs/aciclovir/,12/06/2026,bnf_url_matched_needs_text_review,Antiviral
valaciclovir,Valtrex,herpes virus infections such as shingles cold sores herpes zoster and genital herpes,Take only if prescribed and ask a pharmacist or doctor if unsure. See the patient information leaflet for additional safety information.,BNF Drugs A to Z,https://bnf.nice.org.uk/drugs/valaciclovir/,12/06/2026,bnf_url_matched_needs_text_review,Antiviral
oseltamivir,Tamiflu,influenza in some people,Take only if prescribed or supplied for you. It is not a substitute for urgent care when very unwell.,BNF Drugs A to Z,https://bnf.nice.org.uk/drugs/oseltamivir/,12/06/2026,bnf_url_matched_needs_text_review,Antiviral
fluconazole,Diflucan,fungal infections such as thrush,Ask a pharmacist or doctor if pregnant or taking other medicines because interactions are possible,NHS Medicines A to Z,https://www.nhs.uk/medicines/fluconazole/,12/06/2026,nhs_url_matched_needs_text_review,Antifungal
clotrimazole,Canesten,fungal skin infections and thrush depending on product,Ask a pharmacist if unsure or if symptoms continue. See the patient information leaflet for additional safety information.,NHS Medicines A to Z,https://www.nhs.uk/medicines/clotrimazole/,12/06/2026,nhs_url_matched_needs_text_review,Antifungal
miconazole,Daktarin,fungal infections of skin mouth or vagina depending on product,Ask a pharmacist if taking warfarin or if symptoms continue. See the patient information leaflet for additional safety information.,BNF Drugs A to Z,https://bnf.nice.org.uk/drugs/miconazole/,12/06/2026,bnf_url_matched_needs_text_review,Antifungal
terbinafine,Lamisil,fungal skin or nail infections,Ask a pharmacist or doctor if unsure. Tablets should be taken only if prescribed. See the patient information leaflet for additional safety information.,NHS Medicines A to Z,https://www.nhs.uk/medicines/terbinafine/,12/06/2026,nhs_url_matched_needs_text_review,Antifungal
sertraline,Lustral;Zoloft,depression anxiety panic disorder obsessive compulsive disorder and post-traumatic stress disorder,Take only if prescribed. Ask a pharmacist or doctor if unsure and seek urgent help for severe mood changes or thoughts of self-harm,NHS Medicines A to Z,https://www.nhs.uk/medicines/sertraline/,12/06/2026,nhs_url_matched_needs_text_review,SSRI
fluoxetine,Prozac,depression obsessive compulsive disorder bulimia and some anxiety-related conditions,Take only if prescribed. Ask a pharmacist or doctor if unsure and seek urgent help for severe mood changes or thoughts of self-harm,NHS Medicines A to Z,https://www.nhs.uk/medicines/fluoxetine-prozac/,12/06/2026,nhs_url_matched_needs_text_review,SSRI
citalopram,Cipramil;Celexa,depression and panic attacks,Take only if prescribed. Ask a pharmacist or doctor if unsure and seek urgent help for severe mood changes or thoughts of self-harm,NHS Medicines A to Z,https://www.nhs.uk/medicines/citalopram/,12/06/2026,nhs_url_matched_needs_text_review,SSRI
escitalopram,Cipralex;Lexapro,depression and anxiety disorders,Take only if prescribed. Ask a pharmacist or doctor if unsure and seek urgent help for severe mood changes or thoughts of self-harm,NHS Medicines A to Z,https://www.nhs.uk/medicines/escitalopram/,12/06/2026,nhs_url_matched_needs_text_review,SSRI
paroxetine,Seroxat;Paxil,depression anxiety panic disorder obsessive compulsive disorder and post-traumatic stress disorder,Take only if prescribed. Ask a pharmacist or doctor if unsure and seek urgent help for severe mood changes or thoughts of self-harm,NHS Medicines A to Z,https://www.nhs.uk/medicines/paroxetine/,12/06/2026,nhs_url_matched_needs_text_review,SSRI
venlafaxine,Efexor;Effexor,depression anxiety and panic disorder,Take only if prescribed. Ask a pharmacist or doctor if unsure and seek urgent help for severe mood changes or thoughts of self-harm,NHS Medicines A to Z,https://www.nhs.uk/medicines/venlafaxine/,12/06/2026,nhs_url_matched_needs_text_review,SNRI
duloxetine,Cymbalta,depression anxiety and some nerve pain conditions,Take only if prescribed. Ask a pharmacist or doctor if unsure and seek urgent help for severe mood changes or thoughts of self-harm,NHS Medicines A to Z,https://www.nhs.uk/medicines/duloxetine/,12/06/2026,nhs_url_matched_needs_text_review,SNRI
mirtazapine,Zispin;Remeron,depression,Take only if prescribed. Can cause drowsiness and weight changes. Seek urgent help for severe mood changes or thoughts of self-harm.,NHS Medicines A to Z,https://www.nhs.uk/medicines/mirtazapine/,12/06/2026,nhs_url_matched_needs_text_review,Antidepressant
trazodone,Molipaxin;Desyrel,depression and sometimes sleep problems when prescribed,Take only if prescribed. Can cause drowsiness and interactions with other medicines. See the patient information leaflet for additional safety information.,NHS Medicines A to Z,https://www.nhs.uk/medicines/trazodone/,12/06/2026,nhs_url_matched_needs_text_review,Antidepressant
quetiapine,Seroquel,schizophrenia bipolar disorder depression add-on treatment and other prescribed uses,Take only if prescribed. Can cause drowsiness and needs medical monitoring.,NHS Medicines A to Z,https://www.nhs.uk/medicines/quetiapine/,12/06/2026,nhs_url_matched_needs_text_review,Antipsychotic
olanzapine,Zyprexa,schizophrenia bipolar disorder and other prescribed mental health uses,Take only if prescribed. Can cause drowsiness and metabolic side effects that need monitoring.,NHS Medicines A to Z,https://www.nhs.uk/medicines/olanzapine/,12/06/2026,nhs_url_matched_needs_text_review,Antipsychotic
risperidone,Risperdal,schizophrenia bipolar disorder and some other prescribed mental health uses,Take only if prescribed and ask a pharmacist or doctor if unsure. See the patient information leaflet for additional safety information.,NHS Medicines A to Z,https://www.nhs.uk/medicines/risperidone/,12/06/2026,nhs_url_matched_needs_text_review,Antipsychotic
aripiprazole,Abilify,schizophrenia bipolar disorder and other prescribed mental health uses,Take only if prescribed and ask a pharmacist or doctor if unsure. See the patient information leaflet for additional safety information.,NHS Medicines A to Z,https://www.nhs.uk/medicines/aripiprazole/,12/06/2026,nhs_url_matched_needs_text_review,Antipsychotic
diazepam,Valium,anxiety muscle spasms seizures and short-term sedation depending on prescription,Take only if prescribed. Can cause drowsiness dependence and dangerous interactions with alcohol or opioids.,NHS Medicines A to Z,https://www.nhs.uk/medicines/diazepam/,12/06/2026,nhs_url_matched_needs_text_review,Benzodiazepine
lorazepam,Ativan,anxiety seizures or short-term sedation depending on prescription,Take only if prescribed. Can cause drowsiness dependence and dangerous interactions with alcohol or opioids. See the patient information leaflet for additional safety information.,NHS Medicines A to Z,https://www.nhs.uk/medicines/lorazepam/,12/06/2026,nhs_url_matched_needs_text_review,Benzodiazepine
zopiclone,Zimovane,short-term sleep problems,Take only if prescribed. Can cause drowsiness dependence and next-day impairment. See the patient information leaflet for additional safety information.,NHS Medicines A to Z,https://www.nhs.uk/medicines/zopiclone/,12/06/2026,nhs_url_matched_needs_text_review,Sleeping tablet
zolpidem,Ambien;Stilnoct,short-term sleep problems,Take only if prescribed. Can cause drowsiness dependence and next-day impairment. See the patient information leaflet for additional safety information.,NHS Medicines A to Z,https://www.nhs.uk/medicines/zolpidem/,12/06/2026,nhs_url_matched_needs_text_review,Sleeping tablet
methylphenidate,Ritalin;Concerta;Tranquilyn;Atenza,attention deficit hyperactivity disorder and sometimes narcolepsy,Take only if prescribed. It needs medical monitoring and is not suitable for everyone. See the patient information leaflet for additional safety information.,BNF Drugs A to Z,https://bnf.nice.org.uk/drugs/methylphenidate-hydrochloride/,12/06/2026,bnf_url_matched_needs_text_review,Stimulant
lisdexamfetamine,Elvanse;Vyvanse,attention deficit hyperactivity disorder,Take only if prescribed. It needs medical monitoring and is not suitable for everyone. See the patient information leaflet for additional safety information.,BNF Drugs A to Z,https://bnf.nice.org.uk/drugs/lisdexamfetamine-mesilate/,12/06/2026,bnf_url_matched_needs_text_review,Stimulant
atomoxetine,Strattera,attention deficit hyperactivity disorder,Take only if prescribed. Ask a pharmacist or doctor if mood changes or heart symptoms occur,BNF Drugs A to Z,https://bnf.nice.org.uk/drugs/atomoxetine/,12/06/2026,bnf_url_matched_needs_text_review,Noradrenaline reuptake inhibitor
lamotrigine,Lamictal,epilepsy and bipolar disorder,Take only if prescribed. Seek urgent advice for rash or signs of allergic reaction.,NHS Medicines A to Z,https://www.nhs.uk/medicines/lamotrigine/,12/06/2026,nhs_url_matched_needs_text_review,Antiepileptic
levetiracetam,Keppra,epilepsy,Take only if prescribed. Ask a pharmacist or doctor if mood or behaviour changes occur. See the patient information leaflet for additional safety information.,NHS Medicines A to Z,https://www.nhs.uk/medicines/levetiracetam/,12/06/2026,nhs_url_matched_needs_text_review,Antiepileptic
sodium valproate,Epilim;Depakote,epilepsy bipolar disorder and migraine prevention in some cases,Take only if prescribed. It can seriously harm an unborn baby and has strict pregnancy prevention rules.,NHS Medicines A to Z,https://www.nhs.uk/medicines/sodium-valproate/,12/06/2026,nhs_url_matched_needs_text_review,Antiepileptic and mood stabiliser
carbamazepine,Tegretol,epilepsy nerve pain and bipolar disorder,Take only if prescribed. It has important interactions and may need blood monitoring. See the patient information leaflet for additional safety information.,NHS Medicines A to Z,https://www.nhs.uk/medicines/carbamazepine/,12/06/2026,nhs_url_matched_needs_text_review,Antiepileptic
phenytoin,Epanutin;Dilantin,epilepsy,Take only if prescribed. It needs monitoring and has many interactions.,BNF Drugs A to Z,https://bnf.nice.org.uk/drugs/phenytoin/,12/06/2026,bnf_url_matched_needs_text_review,Antiepileptic
topiramate,Topamax,epilepsy and migraine prevention,Take only if prescribed. It can harm an unborn baby and may affect mood thinking or vision. See the patient information leaflet for additional safety information.,NHS Medicines A to Z,https://www.nhs.uk/medicines/topiramate/,12/06/2026,nhs_url_matched_needs_text_review,Antiepileptic
donepezil,Aricept,dementia symptoms in Alzheimer disease,Take only if prescribed and ask a pharmacist or doctor if unsure. See the patient information leaflet for additional safety information.,NHS Medicines A to Z,https://www.nhs.uk/medicines/donepezil/,12/06/2026,nhs_url_matched_needs_text_review,Dementia medicine
memantine,Ebixa;Namenda,dementia symptoms in Alzheimer disease,Take only if prescribed and ask a pharmacist or doctor if unsure. See the patient information leaflet for additional safety information.,NHS Medicines A to Z,https://www.nhs.uk/medicines/memantine/,12/06/2026,nhs_url_matched_needs_text_review,Dementia medicine
levodopa co-careldopa,Sinemet;Lecado,Parkinson disease symptoms,Take only if prescribed. Ask a pharmacist or doctor if unsure because timing and formulation matter. See the patient information leaflet for additional safety information.,BNF Drugs A to Z,https://bnf.nice.org.uk/drugs/co-careldopa/,12/06/2026,bnf_url_matched_needs_text_review,Parkinson medicine
levodopa co-beneldopa,Madopar,Parkinson disease symptoms,Take only if prescribed. Ask a pharmacist or doctor if unsure because timing and formulation matter. See the patient information leaflet for additional safety information.,BNF Drugs A to Z,https://bnf.nice.org.uk/drugs/co-beneldopa/,12/06/2026,bnf_url_matched_needs_text_review,Parkinson medicine
ropinirole,Requip,Parkinson disease and restless legs syndrome,Take only if prescribed. Ask a pharmacist or doctor about sleepiness impulse control or mood changes. See the patient information leaflet for additional safety information.,NHS Medicines A to Z,https://www.nhs.uk/medicines/ropinirole/,12/06/2026,nhs_url_matched_needs_text_review,Dopamine agonist
pramipexole,Mirapexin;Mirapex;Pramipexole;Pipexus,Parkinson disease and restless legs syndrome,Take only if prescribed. Ask a pharmacist or doctor about sleepiness impulse control or mood changes,BNF Drugs A to Z,https://bnf.nice.org.uk/drugs/pramipexole/,12/06/2026,bnf_url_matched_needs_text_review,Dopamine agonist
tamsulosin,Flomax;Omnic,urinary symptoms from enlarged prostate,Take only if prescribed. Can cause dizziness and is not suitable for everyone. See the patient information leaflet for additional safety information.,NHS Medicines A to Z,https://www.nhs.uk/medicines/tamsulosin/,12/06/2026,nhs_url_matched_needs_text_review,Alpha blocker
finasteride,Proscar;Propecia,enlarged prostate and male pattern hair loss depending on product,Take only if prescribed or supplied for you. Pregnant people should avoid handling broken tablets.,NHS Medicines A to Z,https://www.nhs.uk/medicines/finasteride/,12/06/2026,nhs_url_matched_needs_text_review,5-alpha-reductase inhibitor
solifenacin,Vesicare,overactive bladder symptoms,Take only if prescribed. Ask a pharmacist or doctor if you have glaucoma urinary retention or severe constipation,NHS Medicines A to Z,https://www.nhs.uk/medicines/solifenacin/,12/06/2026,nhs_url_matched_needs_text_review,Antimuscarinic bladder medicine
oxybutynin,Ditropan,overactive bladder symptoms and urinary leakage,Take only if prescribed. Can cause dry mouth constipation blurred vision and drowsiness.,NHS Medicines A to Z,https://www.nhs.uk/medicines/oxybutynin/,12/06/2026,nhs_url_matched_needs_text_review,Antimuscarinic bladder medicine
mirabegron,Betmiga;Myrbetriq,overactive bladder symptoms,Take only if prescribed. Ask a pharmacist or doctor if you have high blood pressure or heart problems. See the patient information leaflet for additional safety information.,NHS Medicines A to Z,https://www.nhs.uk/medicines/mirabegron/,12/06/2026,nhs_url_matched_needs_text_review,Beta-3 adrenergic agonist
sildenafil,Viagra;Revatio,erectile dysfunction and pulmonary arterial hypertension depending on product,Do not use with nitrate medicines. Ask a pharmacist or doctor if you have heart blood pressure or eye problems,NHS Medicines A to Z,https://www.nhs.uk/medicines/sildenafil-viagra/,12/06/2026,nhs_url_matched_needs_text_review,PDE5 inhibitor
tadalafil,Cialis,erectile dysfunction urinary symptoms from enlarged prostate and pulmonary hypertension depending on product,Do not use with nitrate medicines. Ask a pharmacist or doctor if you have heart blood pressure or eye problems,NHS Medicines A to Z,https://www.nhs.uk/medicines/tadalafil/,12/06/2026,nhs_url_matched_needs_text_review,PDE5 inhibitor
ethinylestradiol levonorgestrel,Microgynon;Rigevidon;Elevin;Ambelina;Ovranette;Maexeni,contraception,Use only if prescribed or supplied for you. Ask a pharmacist or doctor about clot risk and missed-pill advice,BNF Drugs A to Z,https://bnf.nice.org.uk/drugs/ethinylestradiol-with-levonorgestrel/,12/06/2026,bnf_url_matched_needs_text_review,Combined hormonal contraceptive
desogestrel,Cerazette;Cerelle;Zelleta,contraception,Use only if prescribed or supplied for you. Ask a pharmacist or doctor if unsure about missed pills or interactions,BNF Drugs A to Z,https://bnf.nice.org.uk/drugs/desogestrel/,12/06/2026,bnf_url_matched_needs_text_review,Progestogen-only pill
levonorgestrel,Levonelle;Plan B;Norgeston;Upostelle;Emerres,emergency contraception and some contraceptive devices depending on product,Ask a pharmacist or doctor as soon as possible after unprotected sex and if unsure,BNF Drugs A to Z,https://bnf.nice.org.uk/drugs/levonorgestrel/,12/06/2026,bnf_url_matched_needs_text_review,Progestogen emergency contraceptive
medroxyprogesterone,Depo-Provera;Provera;Sayana,contraception and some hormone-related conditions,Use only if prescribed or administered for you. Ask about bone health bleeding changes and pregnancy considerations.,BNF Drugs A to Z,https://bnf.nice.org.uk/drugs/medroxyprogesterone-acetate/,12/06/2026,bnf_url_matched_needs_text_review,Progestogen
estradiol,Oestrogel;Estrace;Vagifem;Elleste;Progynova;Zumenon,hormone replacement therapy and some vaginal symptoms depending on product,Use only if prescribed or supplied for you. Ask a pharmacist or doctor about risks and correct product use. See the patient information leaflet for additional safety information.,BNF Drugs A to Z,https://bnf.nice.org.uk/drugs/estradiol/,12/06/2026,bnf_url_matched_needs_text_review,Estrogen
progesterone,Utrogestan;Gepretix;Utrogestan,hormone replacement therapy and some fertility or pregnancy-related uses,Use only if prescribed. Ask a pharmacist or doctor if unsure. See the patient information leaflet for additional safety information.,BNF Drugs A to Z,https://bnf.nice.org.uk/drugs/progesterone/,12/06/2026,bnf_url_matched_needs_text_review,Progestogen
ferrous sulfate,Ferrograd;Feospan,iron deficiency anaemia and iron replacement,Ask a pharmacist or doctor if unsure. Keep iron tablets away from children because overdose can be dangerous. See the patient information leaflet for additional safety information.,NHS Medicines A to Z,https://www.nhs.uk/medicines/ferrous-sulfate/,12/06/2026,nhs_url_matched_needs_text_review,Iron supplement
folic acid,Folvite,folate deficiency and pregnancy supplementation,Ask a pharmacist or doctor if unsure especially if treating anaemia or taking other medicines,NHS Medicines A to Z,https://www.nhs.uk/medicines/folic-acid/,12/06/2026,nhs_url_matched_needs_text_review,Vitamin supplement
cyanocobalamin,Vitamin B12;Nascobal,vitamin B12 deficiency,Ask a pharmacist or doctor if unsure especially if symptoms of anaemia or nerve problems are present. See the patient information leaflet for additional safety information.,NHS Medicines A to Z,https://www.nhs.uk/medicines/cyanocobalamin/,12/06/2026,nhs_url_matched_needs_text_review,Vitamin B12
colecalciferol,Vitamin D3;Fultium-D3,vitamin D deficiency and bone health support,Ask a pharmacist or doctor if unsure especially if taking calcium or kidney medicines,NHS Medicines A to Z,https://www.nhs.uk/medicines/colecalciferol/,12/06/2026,nhs_url_matched_needs_text_review,Vitamin D
colecalciferol,"Adcal-D3;Caltrate D;BetterYou, Desunin, Stexerol, Strivit",bone health and calcium plus vitamin D replacement treats and prevents lack of vitamin D,Ask a pharmacist or doctor if you have kidney problems high calcium or take interacting medicines,NHS Medicines A to Z,https://www.nhs.uk/medicines/colecalciferol/,12/06/2026,nhs_url_matched_needs_text_review,Calcium vitamin D combination
alendronic acid,Fosamax,bone thinning osteoporosis and fracture prevention,Take only if prescribed. It must be taken correctly to avoid throat irritation and is not suitable for everyone. See the patient information leaflet for additional safety information.,NHS Medicines A to Z,https://www.nhs.uk/medicines/alendronic-acid/,12/06/2026,nhs_url_matched_needs_text_review,Bisphosphonate
risedronate,Actonel,bone thinning osteoporosis and fracture prevention,Take only if prescribed. It must be taken correctly to avoid throat irritation and is not suitable for everyone. See the patient information leaflet for additional safety information.,BNF Drugs A to Z,https://bnf.nice.org.uk/drugs/risedronate-sodium/,12/06/2026,bnf_url_matched_needs_text_review,Bisphosphonate
allopurinol,Zyloric,gout prevention by lowering uric acid,Take only if prescribed. Seek urgent advice for rash or allergic symptoms. See the patient information leaflet for additional safety information.,NHS Medicines A to Z,https://www.nhs.uk/medicines/allopurinol/,12/06/2026,nhs_url_matched_needs_text_review,Gout medicine
colchicine,Colcrys,gout flare treatment and some inflammatory conditions,Take only if prescribed or supplied for you. It can be toxic at high doses and interacts with some medicines. See the patient information leaflet for additional safety information.,NHS Medicines A to Z,https://www.nhs.uk/medicines/colchicine/,12/06/2026,nhs_url_matched_needs_text_review,Gout medicine
methotrexate,Metoject;Rasuvo,arthritis psoriasis and some cancers depending on dose and product,Take only if prescribed. Wrong dosing can be dangerous and regular monitoring is needed. See the patient information leaflet for additional safety information.,NHS Medicines A to Z,https://www.nhs.uk/medicines/methotrexate/,12/06/2026,nhs_url_matched_needs_text_review,DMARD and antimetabolite
hydroxychloroquine,Plaquenil,rheumatoid arthritis lupus and some inflammatory conditions,Take only if prescribed. Eye monitoring may be needed with long-term use.,NHS Medicines A to Z,https://www.nhs.uk/medicines/hydroxychloroquine/,12/06/2026,nhs_url_matched_needs_text_review,DMARD
sulfasalazine,Salazopyrin,rheumatoid arthritis ulcerative colitis and Crohn disease,Take only if prescribed. Blood monitoring may be needed and allergies can occur. See the patient information leaflet for additional safety information.,NHS Medicines A to Z,https://www.nhs.uk/medicines/sulfasalazine/,12/06/2026,nhs_url_matched_needs_text_review,DMARD
azathioprine,Imuran,immune conditions and transplant-related uses,Take only if prescribed. Blood monitoring and infection precautions may be needed. See the patient information leaflet for additional safety information.,NHS Medicines A to Z,https://www.nhs.uk/medicines/azathioprine/,12/06/2026,nhs_url_matched_needs_text_review,Immunosuppressant antimetabolite
mesalazine,Asacol;Pentasa;Salofalk,ulcerative colitis and Crohn disease,Take only if prescribed and ask a pharmacist or doctor if symptoms worsen. See the patient information leaflet for additional safety information.,NHS Medicines A to Z,https://www.nhs.uk/medicines/mesalazine/,12/06/2026,nhs_url_matched_needs_text_review,Aminosalicylate
isotretinoin,Roaccutane;Accutane,severe acne,Take only if prescribed by a specialist. It can seriously harm an unborn baby and needs strict monitoring. See the patient information leaflet for additional safety information.,BNF Drugs A to Z,https://bnf.nice.org.uk/drugs/isotretinoin/,12/06/2026,bnf_url_matched_needs_text_review,Retinoid
adapalene,Differin,acne,Use only as directed. Avoid use in pregnancy unless a clinician says it is safe.,BNF Drugs A to Z,https://bnf.nice.org.uk/drugs/adapalene/,12/06/2026,bnf_url_matched_needs_text_review,Topical retinoid
benzoyl peroxide,Acnecide;PanOxyl,acne,Use only as directed. It can irritate skin and bleach fabrics.,NHS Medicines A to Z,https://www.nhs.uk/medicines/benzoyl-peroxide/,12/06/2026,nhs_url_matched_needs_text_review,Topical acne treatment
hydrocortisone cream,Hydrocortisone cream,mild skin inflammation itching and eczema flares,Use only as directed. Ask a pharmacist or doctor before using on face genitals broken skin or children,NHS Medicines A to Z,https://www.nhs.uk/medicines/hydrocortisone-skin-cream/,12/06/2026,nhs_url_matched_needs_text_review,Topical steroid
betamethasone,Betnovate;Betnesol;Diprosone;Betnovate;Betacap,skin inflammation such as eczema or psoriasis depending on product,Use only as prescribed. Strong steroid creams are not suitable for all areas of skin.,BNF Drugs A to Z,https://bnf.nice.org.uk/drugs/betamethasone/,12/06/2026,bnf_url_matched_needs_text_review,Topical steroid
mometasone,Elocon;Nasonex,skin inflammation or nasal allergy depending on product,Use only as prescribed or directed. Different forms are used for different conditions.,BNF Drugs A to Z,https://bnf.nice.org.uk/drugs/mometasone-furoate/,12/06/2026,bnf_url_matched_needs_text_review,Corticosteroid
fusidic acid,Fucidin,bacterial skin infections,Use only as prescribed. Ask a pharmacist or doctor if symptoms spread or worsen. See the patient information leaflet for additional safety information.,NHS Medicines A to Z,https://www.nhs.uk/medicines/fusidic-acid/,12/06/2026,nhs_url_matched_needs_text_review,Topical antibiotic
chlorhexidine,Hibiscrub;Corsodyl,skin mouth or wound antisepsis depending on product,Use only as directed. Products differ and should not be used in eyes or ears unless specifically directed. See the patient information leaflet for additional safety information.,NHS Medicines A to Z,https://www.nhs.uk/medicines/chlorhexidine/,12/06/2026,nhs_url_matched_needs_text_review,Antiseptic
lidocaine,Lignocaine;Xylocaine;Versatis;Vagisil,local numbing for pain itching procedures or mouth symptoms depending on product,Use only as directed. Too much can be harmful and products differ. See the patient information leaflet for additional safety information.,BNF Drugs A to Z,https://bnf.nice.org.uk/drugs/lidocaine-hydrochloride/,12/06/2026,bnf_url_matched_needs_text_review,Local anaesthetic
latanoprost,Xalatan,lowering eye pressure in glaucoma or ocular hypertension,Use only if prescribed. Ask a pharmacist or doctor if eye pain vision changes or severe irritation occur. See the patient information leaflet for additional safety information.,NHS Medicines A to Z,https://www.nhs.uk/medicines/latanoprost/,12/06/2026,nhs_url_matched_needs_text_review,Prostaglandin analogue eye drop
timolol eye drops,Timoptol,lowering eye pressure in glaucoma or ocular hypertension,Use only if prescribed. Ask a pharmacist or doctor if asthma breathing heart or pulse problems exist. See the patient information leaflet for additional safety information.,NHS Medicines A to Z,https://www.nhs.uk/medicines/timolol-eye-drops/,12/06/2026,nhs_url_matched_needs_text_review,Beta blocker eye drop
dorzolamide,Trusopt;Dimaz;Vizidor,lowering eye pressure in glaucoma or ocular hypertension,Use only if prescribed and ask a pharmacist or doctor if unsure. See the patient information leaflet for additional safety information.,BNF Drugs A to Z,https://bnf.nice.org.uk/drugs/dorzolamide/,12/06/2026,bnf_url_matched_needs_text_review,Carbonic anhydrase inhibitor eye drop
chloramphenicol,Chloromycetin,bacterial eye infections and some ear infections depending on product,Use only as directed. Ask a pharmacist or doctor if pain vision changes or symptoms worsen. See the patient information leaflet for additional safety information.,NHS Medicines A to Z,https://www.nhs.uk/medicines/chloramphenicol/,12/06/2026,nhs_url_matched_needs_text_review,Antibiotic
